dataset,brier_score,expected_calibration_error,mean_predicted_probability,observed_fraud_rate
Base month 7,0.10205889415837718,0.21516605475879588,0.22991157069696386,0.014745515938167962
Variant II month 7,0.1442612755585067,0.27131813127752913,0.2860637994793424,0.014745668201813262
