target_review_rate,validation_derived_threshold,actual_test_selection_rate,overall_recall,overall_precision,recall_at_k,precision_at_k,estimated_net_benefit,age_equalized_odds_difference,income_equalized_odds_difference,age_disparate_impact_ratio,income_disparate_impact_ratio
0.05,0.7937832841457063,0.04007517321850831,0.4649859943977591,0.17108992527699046,0.5140056022408963,0.15155895106339046,5828450.0,0.6499013806706115,0.19606240799341607,0.04339748674487538,0.24844367117201038
0.1,0.6579805761364765,0.08118294559235051,0.626750700280112,0.1138387178834902,0.6701680672268907,0.09881259679917398,6419500.0,0.5131360946745562,0.17135538013932833,0.0811693733561558,0.3109632931978979
0.15,0.5488398311767497,0.12301353737492643,0.7156862745098039,0.08578863426508856,0.7598039215686274,0.07468851104839265,6036800.0,0.3888757396449704,0.13843585909517675,0.11820648770508914,0.3427297813387376
0.2,0.46195776409269146,0.16617618206788307,0.7787114845938375,0.06909836574908346,0.8158263305322129,0.060147658629769216,5162100.0,0.4859753035535785,0.11828897669403694,0.13851477662273806,0.3856838706477813
