mean_fit_time,std_fit_time,mean_score_time,std_score_time,param_model__C,params,split0_test_score,split1_test_score,split2_test_score,mean_test_score,std_test_score,rank_test_score,split0_train_score,split1_train_score,split2_train_score,mean_train_score,std_train_score
8.782453695933023,2.3622253518122993,0.8714888095855713,0.4091424373795628,0.02,{'model__C': 0.02},0.13196476721971143,0.1335865613741065,0.14758859891268317,0.1377133091688337,0.007014202958452297,1,0.14725816237184988,0.1438489583761892,0.13351118148495975,0.14153943407766625,0.005844957812236202
9.338149944941202,2.1488024017869307,0.5959190527598063,0.1359898346472733,0.05,{'model__C': 0.05},0.13220691147835384,0.13261674859796937,0.14791588470556585,0.13757984826062966,0.007310596357773655,2,0.14761086549061034,0.1441767783987495,0.1338528290023986,0.14188015763058615,0.005846750790955659
12.803783734639486,2.091690397909508,0.599733829498291,0.012106100446366773,0.1,{'model__C': 0.1},0.13242976205309948,0.13172026118420802,0.14793094117883596,0.13736032147204782,0.007480167048486407,3,0.14784280673196215,0.14393153808049033,0.13393143595210436,0.14190192692151893,0.0058578181567392595
12.991859912872314,1.5450230347625156,0.47017931938171387,0.08814657003177433,0.25,{'model__C': 0.25},0.1323465012924324,0.1313352092397973,0.14800416130530067,0.13722862394584345,0.007630632649294743,5,0.14775105581536918,0.14367623116009626,0.13409394481762515,0.14184041059769686,0.005724616322175169
19.825825929641724,2.1930362609049974,0.6902567545572916,0.0657234061752848,0.5,{'model__C': 0.5},0.13233210680696433,0.13112570857622038,0.14837547710609414,0.13727776416309292,0.007862708337323622,4,0.14780700599334323,0.14353169077062047,0.1341688050202026,0.14183583392805543,0.005695441409220745
