month,total_applications,fraud_count,fraud_rate,fraud_rate_percent
0,132440,1500,0.011325883418906675,1.1325883418906675
1,127620,1198,0.009387243378780755,0.9387243378780755
2,136979,1198,0.008745866154666044,0.8745866154666043
3,150936,1392,0.009222451900143107,0.9222451900143107
4,127691,1452,0.011371200789405674,1.1371200789405673
5,119323,1411,0.01182504630289215,1.182504630289215
6,108168,1450,0.013405073589231566,1.3405073589231566
7,96843,1428,0.014745515938167962,1.4745515938167963
