payment_type,total_applications,fraud_count,fraud_rate,fraud_rate_percent
AC,252071,4209,0.016697676448302265,1.6697676448302265
AB,370554,4169,0.011250721892085903,1.1250721892085904
AD,118837,1286,0.010821545478260138,1.0821545478260137
AA,258249,1364,0.005281724227392943,0.5281724227392943
AE,289,1,0.0034602076124567475,0.34602076124567477
