employment_status,total_applications,fraud_count,fraud_rate,fraud_rate_percent
CC,37758,932,0.024683510779172625,2.4683510779172626
CG,453,7,0.01545253863134658,1.545253863134658
CA,730252,8899,0.012186204214435564,1.2186204214435563
CB,138288,953,0.0068914150179335875,0.6891415017933588
CD,26522,100,0.0037704547168388508,0.3770454716838851
CE,22693,53,0.002335521967126427,0.23355219671264268
CF,44034,85,0.0019303265658354907,0.19303265658354907
