housing_status,total_applications,fraud_count,fraud_rate,fraud_rate_percent
BA,169675,6357,0.0374657433328422,3.74657433328422
BD,26161,226,0.008638813501012959,0.8638813501012959
BC,372143,2288,0.006148174223349626,0.6148174223349626
BB,260965,1568,0.0060084685685819934,0.6008468568581994
BF,1669,7,0.004194128220491312,0.4194128220491312
BG,252,1,0.003968253968253968,0.3968253968253968
BE,169135,582,0.003441038223903982,0.3441038223903982
