source,total_applications,fraud_count,fraud_rate,fraud_rate_percent
TELEAPP,7048,112,0.015891032917139614,1.5891032917139614
INTERNET,992952,10917,0.010994489159596839,1.0994489159596839
