device_os,total_applications,fraud_count,fraud_rate,fraud_rate_percent
windows,263506,6507,0.02469393486296327,2.469393486296327
macintosh,53826,752,0.013970943410247835,1.3970943410247836
x11,7228,81,0.011206419479800774,1.1206419479800773
other,342728,1974,0.005759669475502439,0.5759669475502439
linux,332712,1715,0.0051546081896655365,0.5154608189665536
