low_name_email_similarity_flag,total_applications,fraud_count,fraud_rate,fraud_rate_percent
1,221045,4214,0.01906399149494447,1.906399149494447
0,778955,6815,0.00874890077090461,0.874890077090461
