multiple_emails_same_dob_flag,total_applications,fraud_count,fraud_rate,fraud_rate_percent
0,51430,1824,0.03546568150884698,3.546568150884698
1,948570,9205,0.009704080879639879,0.9704080879639878
