short_current_address_flag,total_applications,fraud_count,fraud_rate,fraud_rate_percent
0,905065,10680,0.011800257440073365,1.1800257440073365
1,94935,349,0.003676199504924422,0.36761995049244217
