intended_balcon_negative_flag,total_applications,fraud_count,fraud_rate,fraud_rate_percent
1,742523,9747,0.013126866103810926,1.3126866103810926
0,257477,1282,0.004979085510550457,0.4979085510550457
