very_short_session_flag,total_applications,fraud_count,fraud_rate,fraud_rate_percent
0,974129,10776,0.011062189915298693,1.1062189915298692
1,25871,253,0.00977928955200804,0.977928955200804
