multiple_emails_per_device_flag,total_applications,fraud_count,fraud_rate,fraud_rate_percent
1,25302,1035,0.0409058572444866,4.09058572444866
0,974698,9994,0.010253432345198205,1.0253432345198206
