customer_age_group,total_applications,fraud_count,fraud_rate,fraud_rate_percent
70+,1373,68,0.049526584122359794,4.952658412235979
60-69,6517,263,0.040355992020868495,4.03559920208685
50-59,34770,1149,0.033045729076790334,3.3045729076790336
40-49,140353,2805,0.01998532272199383,1.998532272199383
30-39,238712,2876,0.012047990884413017,1.2047990884413016
20-29,311433,2589,0.008313184537284102,0.8313184537284102
<20,266842,1279,0.004793098537711454,0.47930985377114543
